{"cameraMode":{"drawMode":0,"name":"Shaded","section":"Shading Mode"},"sceneLighting":true,"audioPlay":false,"sceneViewState":{"m_AlwaysRefresh":false,"showFog":true,"showSkybox":true,"showFlares":true,"showImageEffects":true,"showParticleSystems":true,"showVisualEffectGraphs":true,"m_FxEnabled":true},"in2DMode":false,"pivot":{"x":-0.08299999684095383,"y":1.3797999620437623,"z":1.0010000467300416},"rotation":{"x":-0.21099412441253663,"y":-0.07996642589569092,"z":0.017300110310316087,"w":-0.9740908145904541},"size":0.8660253882408142,"orthographic":true}