{"cameraMode":{"drawMode":0,"name":"Shaded","section":"Shading Mode"},"sceneLighting":true,"audioPlay":false,"sceneViewState":{"m_AlwaysRefresh":false,"showFog":true,"showSkybox":true,"showFlares":true,"showImageEffects":true,"showParticleSystems":true,"showVisualEffectGraphs":true,"m_FxEnabled":true},"in2DMode":false,"pivot":{"x":394.84454345703127,"y":231.60598754882813,"z":575.8715209960938},"rotation":{"x":-0.15442082285881043,"y":-0.2613115906715393,"z":0.042344022542238238,"w":-0.9519127011299133},"size":959.334716796875,"orthographic":true}